avg_motion,avg_edge_density,avg_texture,avg_temporal_information,avg_spatial_information,avg_color_complexity,scene_change_count,avg_motion_variance,avg_grain_noise,frame_rate,resolution,video_name
0.73,0.2,7.31,12.0,110.5,7.32,1.0,0.43,12.22,50,"(1280, 720)",720p50_mobcal_ter_segment_000.mp4
1.16,0.12,6.99,16.98,100.89,6.94,0.0,0.8,9.31,50,"(1280, 720)",720p50_mobcal_ter_segment_001.mp4
1.39,0.24,7.57,28.73,132.01,7.6,1.0,0.26,16.68,50,"(1280, 720)",720p50_parkrun_ter_segment_000.mp4
0.5,0.25,7.47,12.64,130.57,7.52,1.0,0.13,18.31,50,"(1280, 720)",720p50_parkrun_ter_segment_001.mp4
1.76,0.17,7.24,21.94,104.12,7.1,1.0,0.45,9.3,50,"(1280, 720)",720p50_shields_ter_segment_000.mp4
0.79,0.15,7.05,12.47,104.77,6.9,0.0,0.48,11.0,50,"(1280, 720)",720p50_shields_ter_segment_001.mp4
1.08,0.13,7.45,16.54,91.29,7.43,1.0,0.52,8.48,60,"(1280, 720)",720p5994_stockholm_ter_segment_000.mp4
0.59,0.14,7.53,12.79,94.53,7.49,0.0,0.32,9.74,60,"(1280, 720)",720p5994_stockholm_ter_segment_001.mp4
0.05,0.07,7.3,2.24,85.43,7.15,0.0,0.09,6.59,30,"(352, 288)",akiyo_cif_segment_000.mp4
0.05,0.07,7.3,2.24,85.53,7.15,0.0,0.08,6.61,30,"(352, 288)",akiyo_cif_segment_001.mp4
1.33,0.04,6.61,9.09,48.96,6.6,1.0,1.57,2.83,30,"(1920, 1080)",aspen_1080p_segment_000.mp4
1.67,0.12,7.22,15.2,94.48,7.21,5.0,1.48,6.91,30,"(1920, 1080)",aspen_1080p_segment_001.mp4
0.33,0.2,7.36,8.02,123.95,7.33,2.0,0.35,11.12,30,"(1920, 1080)",aspen_1080p_segment_002.mp4
2.49,0.09,7.09,30.93,116.83,6.87,0.0,2.18,6.51,25,"(1920, 1080)",blue_sky_1080p25_segment_000.mp4
0.65,0.12,6.96,8.0,85.5,7.0,0.0,0.9,7.31,30,"(352, 288)",bowing_cif_segment_000.mp4
0.47,0.11,6.86,5.07,85.38,6.91,0.0,0.69,7.31,30,"(352, 288)",bowing_cif_segment_001.mp4
0.05,0.1,6.6,2.39,87.92,6.53,0.0,0.06,9.21,30,"(352, 288)",bridge_close_cif_segment_000.mp4
0.05,0.1,6.59,2.32,86.64,6.52,0.0,0.06,9.06,30,"(352, 288)",bridge_close_cif_segment_001.mp4
0.05,0.1,6.59,2.36,86.3,6.52,0.0,0.06,9.16,30,"(352, 288)",bridge_close_cif_segment_002.mp4
0.05,0.1,6.6,2.3,86.52,6.53,0.0,0.06,9.14,30,"(352, 288)",bridge_close_cif_segment_003.mp4
0.05,0.09,6.6,2.17,86.21,6.53,0.0,0.06,8.87,30,"(352, 288)",bridge_close_cif_segment_004.mp4
0.05,0.09,6.6,2.1,85.8,6.53,0.0,0.06,8.65,30,"(352, 288)",bridge_close_cif_segment_005.mp4
0.05,0.09,6.61,2.27,87.3,6.54,0.0,0.06,8.87,30,"(352, 288)",bridge_close_cif_segment_007.mp4
0.05,0.09,6.6,2.18,86.92,6.54,0.0,0.06,8.82,30,"(352, 288)",bridge_close_cif_segment_008.mp4
0.05,0.1,6.61,2.24,86.3,6.55,0.0,0.06,8.95,30,"(352, 288)",bridge_close_cif_segment_009.mp4
0.05,0.1,6.6,2.24,85.06,6.54,0.0,0.06,8.98,30,"(352, 288)",bridge_close_cif_segment_010.mp4
0.05,0.1,6.6,2.24,85.14,6.55,0.0,0.06,8.97,30,"(352, 288)",bridge_close_cif_segment_011.mp4
0.05,0.1,6.61,2.27,85.25,6.55,0.0,0.06,8.98,30,"(352, 288)",bridge_close_cif_segment_012.mp4
0.05,0.04,7.05,1.38,66.74,6.72,0.0,0.05,5.15,30,"(352, 288)",bridge_far_cif_segment_000.mp4
0.05,0.04,7.04,1.37,66.69,6.71,0.0,0.05,5.14,30,"(352, 288)",bridge_far_cif_segment_001.mp4
0.05,0.04,7.03,1.36,66.72,6.7,0.0,0.05,5.14,30,"(352, 288)",bridge_far_cif_segment_002.mp4
0.05,0.04,7.02,1.35,66.72,6.69,0.0,0.05,5.14,30,"(352, 288)",bridge_far_cif_segment_003.mp4
0.05,0.04,7.0,1.35,66.97,6.67,0.0,0.05,5.21,30,"(352, 288)",bridge_far_cif_segment_004.mp4
0.05,0.04,6.99,1.36,67.22,6.66,0.0,0.05,5.33,30,"(352, 288)",bridge_far_cif_segment_005.mp4
0.05,0.04,6.97,1.44,66.89,6.64,0.0,0.08,5.32,30,"(352, 288)",bridge_far_cif_segment_007.mp4
0.06,0.04,6.95,1.56,66.86,6.62,0.0,0.11,5.32,30,"(352, 288)",bridge_far_cif_segment_008.mp4
0.05,0.04,6.93,1.39,66.76,6.61,0.0,0.05,5.27,30,"(352, 288)",bridge_far_cif_segment_009.mp4
0.05,0.04,6.91,1.39,66.84,6.59,0.0,0.06,5.26,30,"(352, 288)",bridge_far_cif_segment_010.mp4
0.05,0.04,6.9,1.38,66.93,6.57,0.0,0.06,5.24,30,"(352, 288)",bridge_far_cif_segment_011.mp4
0.05,0.04,6.88,1.39,66.92,6.56,0.0,0.06,5.24,30,"(352, 288)",bridge_far_cif_segment_012.mp4
2.08,0.21,7.26,26.42,156.83,7.22,0.0,0.94,17.29,30,"(352, 288)",bus_cif_segment_000.mp4
0.24,0.16,7.29,5.25,132.51,7.28,0.0,0.16,10.0,30,"(176, 144)",carphone_qcif_segment_000.mp4
0.44,0.19,7.4,10.46,134.16,7.37,0.0,0.53,11.02,30,"(176, 144)",carphone_qcif_segment_001.mp4
0.75,0.17,6.88,11.48,78.33,6.89,0.0,0.24,10.92,60,"(704, 576)",city_4cif_segment_000.mp4
0.67,0.15,6.8,8.74,74.85,6.81,0.0,0.23,9.4,60,"(704, 576)",city_4cif_segment_001.mp4
0.81,0.18,6.72,11.31,70.42,6.72,0.0,0.25,9.29,30,"(352, 288)",city_cif_segment_000.mp4
0.69,0.17,6.69,9.35,69.01,6.69,0.0,0.22,8.92,30,"(352, 288)",city_cif_segment_001.mp4
0.06,0.08,6.32,1.79,154.01,6.27,0.0,0.07,8.77,30,"(176, 144)",claire_qcif_segment_000.mp4
0.07,0.08,6.24,1.81,150.55,6.2,0.0,0.07,8.52,30,"(176, 144)",claire_qcif_segment_001.mp4
0.08,0.08,6.22,2.18,148.32,6.18,0.0,0.08,8.33,30,"(176, 144)",claire_qcif_segment_002.mp4
0.9,0.16,7.5,12.34,117.89,7.49,0.0,0.34,13.51,30,"(352, 288)",coastguard_cif_segment_000.mp4
0.76,0.16,7.45,10.68,120.78,7.44,0.0,0.34,13.47,30,"(352, 288)",coastguard_cif_segment_001.mp4
0.06,0.11,6.97,2.04,132.7,6.92,0.0,0.06,13.76,30,"(352, 288)",container_cif_segment_000.mp4
0.09,0.11,6.99,2.64,131.34,7.07,0.0,0.18,13.62,30,"(352, 288)",container_cif_segment_001.mp4
0.11,0.18,7.61,2.88,96.57,7.64,0.0,0.23,8.66,30,"(1920, 1080)",controlled_burn_1080p_segment_000.mp4
0.27,0.15,7.55,4.74,100.11,7.54,1.0,0.53,8.12,30,"(1920, 1080)",controlled_burn_1080p_segment_001.mp4
0.58,0.05,7.23,6.77,60.2,7.1,0.0,1.21,3.99,30,"(1920, 1080)",controlled_burn_1080p_segment_002.mp4
0.77,0.07,6.99,8.09,68.35,7.11,1.0,0.77,5.48,60,"(704, 576)",crew_4cif_segment_000.mp4
1.83,0.06,6.79,11.36,53.25,6.93,6.0,1.55,4.15,60,"(704, 576)",crew_4cif_segment_001.mp4
1.78,0.11,7.65,17.84,87.5,7.62,0.0,2.0,5.85,50,"(3840, 2160)",crowd_run_2160p50_segment_000.mp4
3.27,0.11,7.63,23.01,83.54,7.61,0.0,2.88,5.44,50,"(3840, 2160)",crowd_run_2160p50_segment_001.mp4
0.08,0.03,4.55,1.68,74.25,4.54,0.0,0.38,5.77,60,"(1920, 1080)",CSGO_segment_000.mp4
6.64,0.07,7.08,17.12,73.65,7.04,19.0,6.1,5.95,60,"(1920, 1080)",CSGO_segment_001.mp4
6.89,0.16,7.79,23.86,85.75,7.73,15.0,6.28,8.2,60,"(1920, 1080)",CSGO_segment_002.mp4
7.85,0.07,6.97,16.46,72.54,6.88,1.0,7.1,6.6,60,"(1920, 1080)",CSGO_segment_003.mp4
4.91,0.07,7.13,16.71,80.72,7.03,0.0,4.89,6.98,60,"(1920, 1080)",CSGO_segment_004.mp4
5.16,0.05,6.91,11.77,74.91,6.86,0.0,4.71,6.77,60,"(1920, 1080)",CSGO_segment_005.mp4
6.61,0.11,7.65,22.58,85.84,7.61,4.0,6.05,7.36,60,"(1920, 1080)",CSGO_segment_006.mp4
9.06,0.09,7.62,21.99,77.23,7.57,26.0,6.69,6.78,60,"(1920, 1080)",CSGO_segment_007.mp4
3.23,0.08,7.62,13.72,79.66,7.6,7.0,2.73,6.75,60,"(1920, 1080)",CSGO_segment_008.mp4
5.7,0.12,7.83,20.75,82.46,7.75,2.0,5.82,7.33,60,"(1920, 1080)",CSGO_segment_009.mp4
4.35,0.11,7.47,18.57,84.2,7.4,0.0,3.99,7.54,60,"(1920, 1080)",CSGO_segment_010.mp4
2.35,0.02,6.03,6.89,66.71,5.9,0.0,3.01,5.73,60,"(1920, 1080)",CSGO_segment_011.mp4
1.36,0.02,7.35,15.09,37.65,7.28,1.0,2.4,2.15,30,"(1920, 1080)",dinner_1080p30_segment_000.mp4
0.76,0.04,7.25,8.85,63.14,6.92,1.0,0.95,3.77,30,"(1920, 1080)",dinner_1080p30_segment_001.mp4
1.06,0.03,7.13,9.29,49.74,6.51,1.0,1.11,2.05,30,"(1920, 1080)",dinner_1080p30_segment_002.mp4
1.68,0.04,7.25,16.35,65.46,7.11,0.0,1.71,2.62,30,"(1920, 1080)",dinner_1080p30_segment_003.mp4
0.88,0.04,6.94,10.73,68.47,6.72,1.0,1.04,3.31,30,"(1920, 1080)",dinner_1080p30_segment_004.mp4
0.32,0.03,6.9,4.06,66.23,6.63,0.0,0.42,3.87,30,"(1920, 1080)",dinner_1080p30_segment_005.mp4
0.73,0.22,7.47,10.94,100.49,7.4,0.0,0.93,10.29,50,"(1920, 1080)",ducks_take_off_1080p50_segment_000.mp4
0.53,0.23,7.45,9.31,118.85,7.37,0.0,0.29,11.83,50,"(1920, 1080)",ducks_take_off_1080p50_segment_001.mp4
1.24,0.14,7.47,11.42,74.47,7.41,0.0,1.41,5.93,50,"(3840, 2160)",ducks_take_off_2160p50_segment_000.mp4
0.93,0.15,7.44,9.91,87.67,7.37,0.0,0.56,6.41,50,"(3840, 2160)",ducks_take_off_2160p50_segment_001.mp4
4.44,0.04,6.49,16.93,46.48,6.76,2.0,4.74,3.93,30,"(1920, 1080)",factory_1080p30_segment_000.mp4
8.31,0.04,7.08,22.2,53.9,7.2,10.0,8.22,4.44,30,"(1920, 1080)",factory_1080p30_segment_001.mp4
6.84,0.03,7.24,25.13,55.54,7.32,17.0,9.66,3.41,30,"(1920, 1080)",factory_1080p30_segment_002.mp4
9.3,0.06,7.16,29.74,71.79,7.25,29.0,8.09,4.9,30,"(1920, 1080)",factory_1080p30_segment_003.mp4
6.74,0.04,7.16,26.46,57.96,7.29,11.0,8.55,3.47,30,"(1920, 1080)",factory_1080p30_segment_004.mp4
5.71,0.03,6.91,22.56,50.48,7.07,5.0,9.16,3.29,30,"(1920, 1080)",factory_1080p30_segment_005.mp4
3.14,0.01,6.53,16.46,34.46,6.67,0.0,7.08,2.08,30,"(1920, 1080)",factory_1080p30_segment_006.mp4
6.18,0.02,6.66,18.34,41.6,6.83,0.0,10.62,2.54,30,"(1920, 1080)",factory_1080p30_segment_007.mp4
0.56,0.2,5.49,21.73,143.32,5.23,0.0,0.42,18.55,30,"(352, 288)",flower_cif_segment_000.mp4
1.06,0.2,7.64,27.51,170.2,7.41,0.0,0.76,17.18,30,"(720, 486)",flower_garden_422_ntsc_segment_000.mp4
1.94,0.23,7.79,30.23,161.23,7.69,0.0,1.35,16.48,30,"(720, 486)",flower_garden_422_ntsc_segment_001.mp4
1.48,0.14,7.15,22.26,118.8,7.11,0.0,1.83,10.18,30,"(720, 486)",football_422_ntsc_segment_000.mp4
3.91,0.11,7.04,22.96,104.82,7.01,0.0,2.91,8.36,30,"(720, 486)",football_422_ntsc_segment_001.mp4
4.16,0.12,6.65,24.24,97.59,6.64,0.0,2.51,9.45,30,"(352, 288)",football_cif_segment_000.mp4
0.77,0.13,7.4,10.02,115.1,7.43,0.0,0.75,9.37,30,"(352, 288)",foreman_cif_segment_000.mp4
2.2,0.15,7.43,14.33,97.2,7.44,0.0,1.1,9.61,30,"(352, 288)",foreman_cif_segment_001.mp4
0.16,0.1,7.58,4.58,95.31,7.57,0.0,0.43,7.03,60,"(1280, 720)",FourPeople_1280x720_60_segment_000.mp4
0.13,0.1,7.58,3.8,95.77,7.57,0.0,0.34,7.14,60,"(1280, 720)",FourPeople_1280x720_60_segment_001.mp4
0.04,0.17,7.69,3.04,187.41,7.52,0.0,0.06,18.35,30,"(720, 486)",galleon_422_ntsc_segment_000.mp4
0.04,0.17,7.73,2.94,186.6,7.59,0.0,0.07,18.38,30,"(720, 486)",galleon_422_ntsc_segment_001.mp4
0.04,0.11,6.88,1.43,97.18,6.64,0.0,0.05,7.65,30,"(176, 144)",grandma_qcif_segment_000.mp4
0.04,0.11,6.87,1.48,97.27,6.64,0.0,0.05,7.68,30,"(176, 144)",grandma_qcif_segment_001.mp4
0.05,0.11,6.9,1.45,96.73,6.67,0.0,0.05,7.64,30,"(176, 144)",grandma_qcif_segment_002.mp4
0.03,0.1,6.9,0.92,96.74,6.67,0.0,0.02,7.61,30,"(176, 144)",grandma_qcif_segment_003.mp4
0.04,0.1,6.89,1.37,96.72,6.67,0.0,0.04,7.61,30,"(176, 144)",grandma_qcif_segment_004.mp4
4.76,0.09,7.36,13.58,76.95,7.3,0.0,5.06,7.24,60,"(1920, 1080)",GTAV_segment_000.mp4
9.56,0.09,7.34,20.25,77.43,7.26,0.0,9.22,7.34,60,"(1920, 1080)",GTAV_segment_001.mp4
2.74,0.05,6.86,10.7,60.94,6.86,1.0,3.94,5.17,60,"(1920, 1080)",GTAV_segment_002.mp4
3.78,0.02,6.73,10.94,46.78,6.75,1.0,6.54,3.18,60,"(1920, 1080)",GTAV_segment_003.mp4
3.31,0.02,6.83,11.42,48.24,6.87,0.0,4.33,3.21,60,"(1920, 1080)",GTAV_segment_004.mp4
0.64,0.02,6.87,4.25,45.84,6.94,1.0,1.04,3.12,60,"(1920, 1080)",GTAV_segment_005.mp4
0.17,0.01,7.2,1.93,38.6,7.28,0.0,0.41,2.49,60,"(1920, 1080)",GTAV_segment_006.mp4
0.2,0.01,7.18,2.32,38.32,7.16,1.0,0.46,2.53,60,"(1920, 1080)",GTAV_segment_007.mp4
0.55,0.01,6.93,4.32,40.71,6.97,0.0,0.87,3.04,60,"(1920, 1080)",GTAV_segment_008.mp4
1.85,0.01,6.8,7.66,40.43,6.85,0.0,2.68,3.12,60,"(1920, 1080)",GTAV_segment_009.mp4
0.49,0.01,6.81,3.68,39.03,6.88,0.0,0.71,2.89,60,"(1920, 1080)",GTAV_segment_010.mp4
1.48,0.02,7.0,9.21,42.52,6.95,2.0,2.07,2.6,60,"(1920, 1080)",GTAV_segment_011.mp4
0.12,0.12,7.3,4.94,131.18,7.28,0.0,0.18,11.83,30,"(352, 288)",hall_monitor_cif_segment_000.mp4
0.1,0.12,7.3,3.98,131.5,7.28,0.0,0.12,11.87,30,"(352, 288)",hall_monitor_cif_segment_001.mp4
0.37,0.26,7.47,9.45,133.22,7.48,0.0,0.17,12.56,60,"(704, 576)",harbour_4cif_segment_000.mp4
0.18,0.27,7.47,6.16,135.04,7.47,0.0,0.16,12.85,60,"(704, 576)",harbour_4cif_segment_001.mp4
0.7,0.03,6.52,5.88,66.05,6.55,0.0,1.23,5.75,30,"(352, 288)",highway_cif_segment_000.mp4
0.67,0.03,6.5,5.52,66.61,6.51,0.0,1.19,5.81,30,"(352, 288)",highway_cif_segment_001.mp4
0.66,0.03,6.49,5.31,65.74,6.51,0.0,1.16,5.7,30,"(352, 288)",highway_cif_segment_002.mp4
0.72,0.03,6.36,6.62,69.54,6.38,0.0,1.21,5.98,30,"(352, 288)",highway_cif_segment_003.mp4
0.69,0.03,6.31,5.72,68.3,6.35,0.0,1.17,5.4,30,"(352, 288)",highway_cif_segment_004.mp4
0.74,0.04,6.35,6.11,67.99,6.39,0.0,1.19,5.36,30,"(352, 288)",highway_cif_segment_005.mp4
0.69,0.05,6.64,9.18,76.49,6.66,0.0,1.21,6.51,30,"(352, 288)",highway_cif_segment_007.mp4
1.14,0.05,6.38,14.33,88.61,6.43,0.0,1.65,6.8,30,"(352, 288)",highway_cif_segment_008.mp4
0.54,0.04,6.72,5.16,66.38,6.74,0.0,0.99,5.23,30,"(352, 288)",highway_cif_segment_009.mp4
0.43,0.04,6.86,4.59,66.6,6.89,0.0,0.78,5.19,30,"(352, 288)",highway_cif_segment_010.mp4
0.6,0.04,7.07,6.15,66.44,7.09,0.0,0.89,5.16,30,"(352, 288)",highway_cif_segment_011.mp4
0.42,0.05,7.22,4.89,71.24,7.24,0.0,0.67,5.4,30,"(352, 288)",highway_cif_segment_012.mp4
1.25,0.3,7.64,28.86,129.77,7.63,71.0,0.69,23.77,30,"(352, 288)",husky_cif_segment_000.mp4
0.46,0.04,5.25,12.61,86.72,5.3,0.0,0.85,5.13,60,"(704, 576)",ice_4cif_segment_000.mp4
1.02,0.06,7.32,5.2,87.89,7.21,0.0,0.68,6.23,30,"(720, 486)",intros_422_ntsc_segment_000.mp4
1.61,0.06,7.07,7.89,85.46,6.98,0.0,1.23,6.01,30,"(720, 486)",intros_422_ntsc_segment_001.mp4
0.75,0.05,7.11,8.38,58.58,7.07,0.0,0.6,5.57,50,"(1920, 1080)",in_to_tree_1080p50_segment_000.mp4
1.84,0.09,6.59,10.51,48.81,6.32,0.0,1.0,5.83,50,"(1920, 1080)",in_to_tree_1080p50_segment_001.mp4
0.11,0.04,7.03,2.38,88.79,7.18,0.0,0.24,5.08,60,"(1280, 720)",Johnny_1280x720_60_segment_000.mp4
0.08,0.04,7.0,1.87,88.16,7.18,0.0,0.22,5.08,60,"(1280, 720)",Johnny_1280x720_60_segment_001.mp4
0.19,0.05,7.36,3.57,102.75,7.39,0.0,0.42,7.08,60,"(1280, 720)",KristenAndSara_1280x720_60_segment_000.mp4
0.17,0.06,7.41,3.19,103.65,7.44,0.0,0.33,7.12,60,"(1280, 720)",KristenAndSara_1280x720_60_segment_001.mp4
1.6,0.06,7.48,17.12,103.7,7.45,4.0,2.6,6.91,30,"(1920, 1080)",life_1080p30_segment_000.mp4
2.19,0.05,7.26,12.98,50.87,7.14,0.0,4.36,5.36,30,"(1920, 1080)",life_1080p30_segment_001.mp4
3.08,0.05,7.4,18.77,67.1,7.27,6.0,5.49,5.6,30,"(1920, 1080)",life_1080p30_segment_002.mp4
1.92,0.06,7.63,21.24,86.42,7.55,8.0,4.07,5.93,30,"(1920, 1080)",life_1080p30_segment_003.mp4
1.4,0.05,6.91,14.5,75.23,6.86,2.0,3.05,5.82,30,"(1920, 1080)",life_1080p30_segment_004.mp4
0.2,0.11,7.12,3.79,87.79,6.97,0.0,0.25,7.24,30,"(352, 288)",mad900_cif_segment_000.mp4
0.13,0.1,7.15,2.56,88.17,6.97,0.0,0.15,7.28,30,"(352, 288)",mad900_cif_segment_001.mp4
0.11,0.1,7.21,2.11,88.23,6.99,0.0,0.12,7.25,30,"(352, 288)",mad900_cif_segment_002.mp4
0.14,0.11,7.17,3.08,85.7,6.99,0.0,0.17,7.28,30,"(352, 288)",mad900_cif_segment_003.mp4
0.22,0.1,7.2,4.16,85.22,7.02,0.0,0.32,7.25,30,"(352, 288)",mad900_cif_segment_004.mp4
0.28,0.1,7.17,4.81,86.78,6.99,0.0,0.35,7.19,30,"(352, 288)",mad900_cif_segment_005.mp4
7.14,0.07,6.62,25.05,91.38,6.38,0.0,6.86,7.34,60,"(1920, 1080)",MINECRAFT_segment_000.mp4
8.61,0.1,6.69,21.4,82.31,6.59,0.0,6.71,7.73,60,"(1920, 1080)",MINECRAFT_segment_001.mp4
5.54,0.11,6.97,19.23,84.77,7.02,0.0,3.93,8.1,60,"(1920, 1080)",MINECRAFT_segment_002.mp4
7.46,0.06,7.05,17.59,78.51,7.18,2.0,6.25,6.61,60,"(1920, 1080)",MINECRAFT_segment_003.mp4
1.98,0.02,5.99,8.42,75.52,6.12,0.0,3.41,5.66,60,"(1920, 1080)",MINECRAFT_segment_004.mp4
2.87,0.04,5.94,10.33,94.23,6.04,1.0,4.26,7.14,60,"(1920, 1080)",MINECRAFT_segment_005.mp4
3.59,0.03,5.81,10.97,96.44,6.12,0.0,5.52,7.25,60,"(1920, 1080)",MINECRAFT_segment_006.mp4
1.94,0.04,6.05,6.77,82.05,6.49,0.0,2.34,6.51,60,"(1920, 1080)",MINECRAFT_segment_007.mp4
3.68,0.04,6.25,10.04,64.65,6.59,0.0,4.05,5.12,60,"(1920, 1080)",MINECRAFT_segment_008.mp4
0.33,0.01,3.97,2.36,53.36,3.94,0.0,0.77,3.75,60,"(1920, 1080)",MINECRAFT_segment_009.mp4
0.0,0.01,2.67,0.67,53.16,2.63,0.0,0.01,3.7,60,"(1920, 1080)",MINECRAFT_segment_010.mp4
0.0,0.01,2.56,0.96,54.62,2.62,0.0,0.02,3.88,60,"(1920, 1080)",MINECRAFT_segment_011.mp4
0.11,0.06,5.78,2.22,75.43,5.9,0.0,0.09,4.52,30,"(176, 144)",miss_am_qcif_segment_000.mp4
0.4,0.24,7.74,16.07,163.26,7.63,0.0,0.17,21.2,30,"(352, 288)",mobile_cif_segment_000.mp4
0.35,0.25,7.84,15.09,165.27,7.66,0.0,0.12,21.27,30,"(352, 288)",mobile_cif_segment_001.mp4
0.1,0.15,7.07,2.85,95.24,6.92,0.0,0.1,8.21,30,"(176, 144)",mthr_dotr_qcif_segment_000.mp4
0.06,0.14,7.1,1.74,96.63,6.93,0.0,0.06,8.21,30,"(176, 144)",mthr_dotr_qcif_segment_001.mp4
0.05,0.14,7.16,1.4,96.91,6.95,0.0,0.05,8.13,30,"(176, 144)",mthr_dotr_qcif_segment_002.mp4
0.08,0.14,7.12,1.99,93.54,6.95,0.0,0.07,7.94,30,"(176, 144)",mthr_dotr_qcif_segment_003.mp4
0.1,0.14,7.15,3.06,92.94,6.97,0.0,0.13,7.98,30,"(176, 144)",mthr_dotr_qcif_segment_004.mp4
0.15,0.15,7.12,3.57,94.22,6.94,0.0,0.15,8.12,30,"(176, 144)",mthr_dotr_qcif_segment_005.mp4
0.26,0.0,5.36,2.62,14.28,5.44,0.0,0.53,1.48,60,"(4096, 2160)",Netflix_DinnerScene_4096x2160_60fps_10bit_420_segment_000.mp4
0.17,0.0,5.33,2.09,14.84,5.41,0.0,0.34,1.41,60,"(4096, 2160)",Netflix_DinnerScene_4096x2160_60fps_10bit_420_segment_001.mp4
0.1,0.0,6.01,1.6,13.68,6.03,0.0,0.21,1.32,60,"(4096, 2160)",Netflix_DinnerScene_4096x2160_60fps_10bit_420_segment_002.mp4
3.13,0.08,7.39,18.24,65.4,7.37,0.0,1.19,3.21,60,"(4096, 2160)",Netflix_SquareAndTimelapse_4096x2160_60fps_10bit_420_segment_000.mp4
0.61,0.05,7.62,4.67,60.88,7.61,0.0,0.78,3.68,60,"(4096, 2160)",Netflix_SquareAndTimelapse_4096x2160_60fps_10bit_420_segment_001.mp4
0.17,0.12,7.14,6.5,153.84,7.11,0.0,0.35,12.49,30,"(352, 288)",news_cif_segment_000.mp4
0.16,0.12,7.13,6.49,153.71,7.11,0.0,0.35,12.48,30,"(352, 288)",news_cif_segment_001.mp4
0.41,0.11,7.25,7.61,72.98,7.33,0.0,0.45,6.39,50,"(1920, 1080)",old_town_cross_1080p50_segment_000.mp4
0.59,0.11,7.29,9.54,75.46,7.35,0.0,0.63,6.39,50,"(1920, 1080)",old_town_cross_1080p50_segment_001.mp4
0.82,0.06,7.28,7.79,52.12,7.39,0.0,0.86,4.0,50,"(3840, 2160)",old_town_cross_2160p50_segment_000.mp4
1.16,0.06,7.31,9.54,53.13,7.41,0.0,1.21,3.99,50,"(3840, 2160)",old_town_cross_2160p50_segment_001.mp4
0.28,0.13,7.23,6.9,78.66,7.29,0.0,0.3,7.91,50,"(1280, 720)",old_town_cross_444_720p50_segment_000.mp4
0.4,0.13,7.28,8.87,82.32,7.32,0.0,0.42,8.0,50,"(1280, 720)",old_town_cross_444_720p50_segment_001.mp4
0.33,0.13,7.19,4.34,107.47,7.23,0.0,0.4,9.52,30,"(352, 288)",pamphlet_cif_segment_000.mp4
0.64,0.13,7.19,6.78,106.75,7.22,0.0,0.87,9.43,30,"(352, 288)",pamphlet_cif_segment_001.mp4
0.17,0.19,7.52,8.58,152.52,7.44,0.0,0.3,16.56,30,"(352, 288)",paris_cif_segment_000.mp4
0.1,0.19,7.52,6.36,152.53,7.44,0.0,0.23,16.6,30,"(352, 288)",paris_cif_segment_001.mp4
0.06,0.19,7.54,4.87,155.18,7.46,0.0,0.15,16.99,30,"(352, 288)",paris_cif_segment_002.mp4
0.12,0.19,7.53,7.07,153.58,7.45,0.0,0.3,16.74,30,"(352, 288)",paris_cif_segment_003.mp4
0.1,0.18,7.53,6.19,157.11,7.46,0.0,0.24,16.98,30,"(352, 288)",paris_cif_segment_004.mp4
0.09,0.19,7.53,6.25,156.42,7.45,0.0,0.26,17.0,30,"(352, 288)",paris_cif_segment_005.mp4
2.7,0.18,7.16,26.69,111.63,6.99,0.0,3.04,12.62,50,"(1920, 1080)",park_joy_1080p50_segment_000.mp4
1.75,0.19,7.17,20.45,120.86,7.07,0.0,2.05,14.08,50,"(1920, 1080)",park_joy_1080p50_segment_001.mp4
4.64,0.13,7.16,26.65,93.68,7.0,0.0,4.98,6.88,50,"(3840, 2160)",park_joy_2160p50_segment_000.mp4
2.6,0.15,7.17,20.75,103.12,7.07,0.0,2.74,7.8,50,"(3840, 2160)",park_joy_2160p50_segment_001.mp4
1.93,0.2,7.15,24.83,111.51,6.98,0.0,2.18,14.43,50,"(1280, 720)",park_joy_422_720p50_segment_000.mp4
1.42,0.21,7.16,18.28,119.22,7.06,0.0,1.62,15.94,50,"(1280, 720)",park_joy_422_720p50_segment_001.mp4
2.91,0.05,6.94,16.26,55.77,7.0,0.0,4.73,3.6,25,"(1920, 1080)",pedestrian_area_1080p25_segment_000.mp4
2.6,0.05,6.98,14.88,51.48,7.07,0.0,4.11,3.45,25,"(1920, 1080)",pedestrian_area_1080p25_segment_001.mp4
2.24,0.04,6.61,15.64,51.91,6.72,0.0,3.85,3.27,25,"(1920, 1080)",pedestrian_area_1080p25_segment_002.mp4
11.77,0.08,7.47,24.68,73.54,7.43,0.0,11.04,7.26,30,"(1920, 1080)",red_kayak_1080p_segment_000.mp4
2.83,0.06,7.1,10.59,62.05,7.06,1.0,3.79,5.1,30,"(1920, 1080)",red_kayak_1080p_segment_001.mp4
3.7,0.07,7.04,10.84,50.89,7.12,2.0,3.58,4.0,30,"(1920, 1080)",red_kayak_1080p_segment_002.mp4
5.11,0.1,6.93,23.37,61.59,6.99,0.0,4.5,4.43,25,"(1920, 1080)",riverbed_1080p25_segment_000.mp4
5.55,0.09,6.84,22.08,58.35,6.9,0.0,4.87,4.19,25,"(1920, 1080)",riverbed_1080p25_segment_001.mp4
0.89,0.14,6.87,11.29,114.35,6.84,0.0,1.43,9.04,30,"(1920, 1080)",rush_field_cuts_1080p_segment_000.mp4
0.79,0.15,6.85,11.7,117.48,6.81,1.0,1.02,8.98,30,"(1920, 1080)",rush_field_cuts_1080p_segment_001.mp4
2.36,0.11,7.28,20.77,96.23,7.24,2.0,1.11,5.46,30,"(1920, 1080)",rush_field_cuts_1080p_segment_002.mp4
1.02,0.03,7.15,9.75,47.53,7.17,0.0,1.4,1.99,25,"(1920, 1080)",rush_hour_1080p25_segment_000.mp4
0.98,0.03,7.08,8.46,49.32,7.1,0.0,1.66,2.15,25,"(1920, 1080)",rush_hour_1080p25_segment_001.mp4
1.39,0.03,7.02,10.02,49.89,7.05,0.0,2.48,2.24,25,"(1920, 1080)",rush_hour_1080p25_segment_002.mp4
1.79,0.03,7.05,11.45,50.38,7.08,0.0,2.77,2.13,25,"(1920, 1080)",rush_hour_1080p25_segment_003.mp4
0.05,0.19,6.88,2.67,91.55,6.86,0.0,0.07,9.4,30,"(176, 144)",salesman_qcif_segment_000.mp4
0.04,0.19,6.87,2.26,91.75,6.85,0.0,0.05,9.39,30,"(176, 144)",salesman_qcif_segment_001.mp4
0.29,0.15,7.59,6.7,94.98,7.58,0.0,0.6,8.02,30,"(352, 288)",silent_cif_segment_000.mp4
0.39,0.15,7.6,7.88,94.66,7.59,0.0,0.79,8.03,30,"(352, 288)",silent_cif_segment_001.mp4
0.36,0.0,4.44,2.55,17.98,4.44,0.0,0.9,0.76,24,"(1920, 1080)",sintel_trailer_2k_1080p24_segment_000.mp4
0.79,0.01,4.32,4.63,38.62,4.32,0.0,2.71,1.97,24,"(1920, 1080)",sintel_trailer_2k_1080p24_segment_001.mp4
0.36,0.0,2.97,3.16,23.21,2.9,0.0,0.54,2.01,24,"(1920, 1080)",sintel_trailer_2k_1080p24_segment_002.mp4
0.91,0.01,3.92,7.1,23.24,3.84,5.0,2.13,1.65,24,"(1920, 1080)",sintel_trailer_2k_1080p24_segment_003.mp4
2.13,0.02,5.1,10.71,39.41,4.98,1.0,3.03,2.29,24,"(1920, 1080)",sintel_trailer_2k_1080p24_segment_004.mp4
4.1,0.01,5.82,19.36,48.67,5.71,5.0,19.36,2.08,24,"(1920, 1080)",sintel_trailer_2k_1080p24_segment_005.mp4
3.13,0.01,6.1,15.36,49.58,5.96,4.0,13.12,2.26,24,"(1920, 1080)",sintel_trailer_2k_1080p24_segment_006.mp4
1.3,0.01,5.81,4.04,38.42,5.85,0.0,15.11,1.59,24,"(1920, 1080)",sintel_trailer_2k_1080p24_segment_007.mp4
0.08,0.01,2.13,1.32,72.72,2.17,0.0,1.01,4.16,24,"(1920, 1080)",sintel_trailer_2k_1080p24_segment_008.mp4
0.03,0.01,0.41,0.88,86.66,0.41,0.0,0.12,4.97,24,"(1920, 1080)",sintel_trailer_2k_1080p24_segment_009.mp4
0.38,0.01,4.45,2.4,29.86,4.45,0.0,0.63,1.92,24,"(854, 480)",sintel_trailer_2k_480p24_segment_000.mp4
0.78,0.01,4.31,4.18,57.94,4.31,0.0,2.0,3.96,24,"(854, 480)",sintel_trailer_2k_480p24_segment_001.mp4
0.25,0.01,3.03,2.37,25.28,2.95,0.0,0.28,2.19,24,"(854, 480)",sintel_trailer_2k_480p24_segment_002.mp4
1.04,0.02,3.93,6.56,32.36,3.86,5.0,1.49,2.43,24,"(854, 480)",sintel_trailer_2k_480p24_segment_003.mp4
1.52,0.03,5.12,10.03,58.26,4.99,1.0,1.7,4.01,24,"(854, 480)",sintel_trailer_2k_480p24_segment_004.mp4
4.4,0.03,5.84,19.07,79.78,5.7,5.0,16.9,4.96,24,"(854, 480)",sintel_trailer_2k_480p24_segment_005.mp4
3.17,0.03,6.12,15.14,79.87,5.97,4.0,10.27,4.8,24,"(854, 480)",sintel_trailer_2k_480p24_segment_006.mp4
1.65,0.01,5.82,3.76,64.33,5.85,0.0,12.17,4.07,24,"(854, 480)",sintel_trailer_2k_480p24_segment_007.mp4
0.12,0.01,2.18,1.03,86.59,2.23,0.0,0.74,6.3,24,"(854, 480)",sintel_trailer_2k_480p24_segment_008.mp4
0.02,0.02,0.55,0.74,86.95,0.55,0.0,0.05,7.69,24,"(854, 480)",sintel_trailer_2k_480p24_segment_009.mp4
0.38,0.0,4.44,2.49,24.22,4.44,0.0,0.77,1.47,24,"(1280, 720)",sintel_trailer_2k_720p24_segment_000.mp4
0.78,0.01,4.32,4.42,47.82,4.32,0.0,2.21,2.97,24,"(1280, 720)",sintel_trailer_2k_720p24_segment_001.mp4
0.31,0.01,2.97,2.72,23.94,2.91,0.0,0.39,2.06,24,"(1280, 720)",sintel_trailer_2k_720p24_segment_002.mp4
1.19,0.01,3.91,6.8,27.24,3.84,5.0,2.06,1.99,24,"(1280, 720)",sintel_trailer_2k_720p24_segment_003.mp4
1.89,0.03,5.1,10.35,48.72,4.99,1.0,2.38,3.22,24,"(1280, 720)",sintel_trailer_2k_720p24_segment_004.mp4
4.89,0.02,5.82,19.23,63.68,5.71,5.0,20.33,3.64,24,"(1280, 720)",sintel_trailer_2k_720p24_segment_005.mp4
3.47,0.02,6.1,15.23,63.45,5.97,4.0,12.47,3.52,24,"(1280, 720)",sintel_trailer_2k_720p24_segment_006.mp4
1.56,0.01,5.81,3.93,50.51,5.85,0.0,14.48,2.86,24,"(1280, 720)",sintel_trailer_2k_720p24_segment_007.mp4
0.1,0.01,2.15,1.17,81.71,2.19,0.0,0.9,5.2,24,"(1280, 720)",sintel_trailer_2k_720p24_segment_008.mp4
0.03,0.02,0.47,0.81,91.87,0.47,0.0,0.09,6.56,24,"(1280, 720)",sintel_trailer_2k_720p24_segment_009.mp4
0.04,0.14,6.71,2.71,136.56,6.71,0.0,0.05,12.58,30,"(1920, 1080)",snow_mnt_1080p_segment_000.mp4
0.24,0.14,6.89,5.6,126.38,6.89,0.0,0.17,11.78,30,"(1920, 1080)",snow_mnt_1080p_segment_001.mp4
0.57,0.19,7.35,10.77,106.29,7.34,0.0,0.35,10.97,30,"(1920, 1080)",snow_mnt_1080p_segment_002.mp4
2.85,0.08,7.31,17.87,77.62,7.19,0.0,1.29,7.12,60,"(704, 576)",soccer_4cif_segment_000.mp4
2.64,0.06,6.81,18.59,68.77,6.7,0.0,1.56,5.52,60,"(704, 576)",soccer_4cif_segment_001.mp4
3.81,0.09,7.21,26.1,92.87,7.09,6.0,1.69,7.49,30,"(352, 288)",soccer_cif_segment_000.mp4
2.62,0.08,6.76,24.56,91.66,6.63,0.0,1.85,7.06,30,"(352, 288)",soccer_cif_segment_001.mp4
2.75,0.12,7.12,31.5,118.67,7.0,11.0,1.43,9.07,15,"(176, 144)",soccer_qcif_15fps_segment_000.mp4
2.58,0.11,6.66,30.7,117.53,6.52,2.0,1.8,8.95,15,"(176, 144)",soccer_qcif_15fps_segment_001.mp4
0.8,0.01,7.05,12.19,38.04,7.12,2.0,2.56,2.52,30,"(1920, 1080)",speed_bag_1080p_segment_000.mp4
0.56,0.03,7.45,18.48,54.84,7.48,2.0,2.1,3.76,30,"(1920, 1080)",speed_bag_1080p_segment_001.mp4
3.49,0.02,7.39,33.41,40.56,7.45,12.0,7.94,2.07,30,"(1920, 1080)",speed_bag_1080p_segment_002.mp4
1.88,0.09,6.31,12.44,95.34,6.33,0.0,1.88,9.27,60,"(1920, 1080)",STARCRAFT_segment_000.mp4
0.03,0.08,6.23,2.5,93.82,6.24,0.0,0.13,8.69,60,"(1920, 1080)",STARCRAFT_segment_001.mp4
0.42,0.07,6.01,3.18,81.27,6.04,0.0,0.6,7.55,60,"(1920, 1080)",STARCRAFT_segment_002.mp4
1.03,0.08,5.96,5.46,85.22,5.98,0.0,1.29,8.17,60,"(1920, 1080)",STARCRAFT_segment_003.mp4
0.09,0.08,6.19,2.86,91.9,6.2,0.0,0.2,8.6,60,"(1920, 1080)",STARCRAFT_segment_004.mp4
2.72,0.08,6.13,9.09,85.67,6.15,0.0,3.04,8.25,60,"(1920, 1080)",STARCRAFT_segment_005.mp4
2.03,0.09,6.3,9.67,96.96,6.31,0.0,2.28,9.37,60,"(1920, 1080)",STARCRAFT_segment_006.mp4
0.84,0.09,6.28,6.16,94.7,6.29,0.0,0.9,9.19,60,"(1920, 1080)",STARCRAFT_segment_007.mp4
0.77,0.09,6.26,7.46,94.21,6.28,0.0,0.77,9.12,60,"(1920, 1080)",STARCRAFT_segment_008.mp4
0.13,0.09,6.34,3.13,96.08,6.36,0.0,0.18,9.27,60,"(1920, 1080)",STARCRAFT_segment_009.mp4
1.14,0.09,6.33,6.08,96.07,6.34,0.0,1.39,9.29,60,"(1920, 1080)",STARCRAFT_segment_010.mp4
0.63,0.08,6.14,5.51,93.5,6.14,0.0,0.87,8.85,60,"(1920, 1080)",STARCRAFT_segment_011.mp4
2.21,0.06,6.94,8.56,48.62,7.0,0.0,1.22,3.66,25,"(1920, 1080)",station2_1080p25_segment_000.mp4
1.01,0.06,7.02,5.41,49.49,7.08,0.0,0.66,4.22,25,"(1920, 1080)",station2_1080p25_segment_001.mp4
1.58,0.24,7.24,22.43,136.92,7.3,0.0,0.77,16.81,30,"(352, 240)",stefan_sif_segment_000.mp4
2.65,0.23,7.13,27.86,136.65,7.19,0.0,1.68,16.59,30,"(352, 240)",stefan_sif_segment_001.mp4
0.13,0.12,7.17,3.67,93.48,7.26,0.0,0.2,8.55,30,"(352, 288)",students_cif_segment_000.mp4
0.09,0.12,7.18,2.69,94.28,7.26,0.0,0.14,8.58,30,"(352, 288)",students_cif_segment_001.mp4
0.07,0.12,7.18,2.04,94.38,7.27,0.0,0.11,8.6,30,"(352, 288)",students_cif_segment_002.mp4
0.06,0.12,7.16,1.93,93.18,7.24,0.0,0.11,8.54,30,"(352, 288)",students_cif_segment_003.mp4
0.12,0.12,7.19,3.74,94.96,7.27,0.0,0.19,8.64,30,"(352, 288)",students_cif_segment_004.mp4
0.18,0.12,7.17,4.11,93.6,7.26,0.0,0.24,8.49,30,"(352, 288)",students_cif_segment_005.mp4
3.34,0.03,6.94,14.68,48.87,6.38,0.0,1.55,2.1,25,"(1920, 1080)",sunflower_1080p25_segment_000.mp4
2.22,0.05,6.69,12.19,65.65,6.33,0.0,0.53,2.92,25,"(1920, 1080)",sunflower_1080p25_segment_001.mp4
1.92,0.08,7.22,13.48,70.11,6.75,0.0,0.56,3.13,25,"(1920, 1080)",sunflower_1080p25_segment_002.mp4
1.62,0.07,7.32,11.49,68.13,6.79,0.0,0.52,3.13,25,"(1920, 1080)",sunflower_1080p25_segment_003.mp4
0.32,0.1,6.9,5.34,79.77,6.93,0.0,0.23,5.53,30,"(176, 144)",suzie_qcif_segment_000.mp4
0.35,0.25,7.2,10.7,120.91,7.12,0.0,0.46,13.39,30,"(352, 288)",tempete_cif_segment_000.mp4
0.78,0.08,6.8,16.36,115.73,6.86,2.0,0.82,13.48,30,"(352, 240)",tennis_sif_segment_000.mp4
0.95,0.04,6.19,10.28,64.9,6.17,0.0,0.99,5.17,30,"(1920, 1080)",touchdown_pass_1080p_segment_000.mp4
4.03,0.02,6.13,14.94,37.23,6.14,0.0,3.86,2.38,30,"(1920, 1080)",touchdown_pass_1080p_segment_001.mp4
3.43,0.04,7.02,16.96,61.87,6.98,0.0,2.6,4.45,30,"(1920, 1080)",touchdown_pass_1080p_segment_002.mp4
5.37,0.11,7.18,16.67,71.92,7.13,0.0,3.21,4.92,25,"(1920, 1080)",tractor_1080p25_segment_000.mp4
7.88,0.08,7.06,16.97,65.35,7.05,0.0,5.02,4.15,25,"(1920, 1080)",tractor_1080p25_segment_001.mp4
11.54,0.05,7.01,16.3,56.18,6.98,0.0,7.6,2.85,25,"(1920, 1080)",tractor_1080p25_segment_002.mp4
12.47,0.05,6.91,16.86,56.11,6.82,0.0,6.23,3.51,25,"(1920, 1080)",tractor_1080p25_segment_003.mp4
5.78,0.09,6.87,12.52,50.86,6.72,0.0,3.05,4.4,25,"(1920, 1080)",tractor_1080p25_segment_004.mp4
0.24,0.15,6.64,6.46,124.27,6.56,1.0,0.25,9.06,30,"(176, 144)",trevor_qcif_segment_000.mp4
0.15,0.06,7.58,3.78,81.92,7.58,0.0,0.28,5.03,60,"(1280, 720)",vidyo1_720p_60fps (1)_segment_000.mp4
0.15,0.06,7.6,4.02,82.99,7.59,0.0,0.26,5.17,60,"(1280, 720)",vidyo1_720p_60fps (1)_segment_001.mp4
0.15,0.06,7.58,3.78,81.92,7.58,0.0,0.28,5.03,60,"(1280, 720)",vidyo1_720p_60fps_segment_000.mp4
0.15,0.06,7.6,4.02,82.99,7.59,0.0,0.26,5.17,60,"(1280, 720)",vidyo1_720p_60fps_segment_001.mp4
0.12,0.09,6.9,5.98,83.76,6.92,0.0,0.25,6.53,60,"(1280, 720)",vidyo3_720p_60fps_segment_000.mp4
0.15,0.09,6.95,6.04,83.27,6.96,0.0,0.26,6.41,60,"(1280, 720)",vidyo3_720p_60fps_segment_001.mp4
0.32,0.06,7.63,5.75,84.19,7.62,0.0,0.67,5.34,60,"(1280, 720)",vidyo4_720p_60fps_segment_000.mp4
0.25,0.05,7.59,4.87,83.09,7.59,0.0,0.48,5.11,60,"(1280, 720)",vidyo4_720p_60fps_segment_001.mp4
0.11,0.06,7.25,1.29,76.72,7.16,0.0,0.12,4.74,30,"(720, 486)",vtc1nw_422_ntsc_segment_000.mp4
0.11,0.06,7.26,1.4,76.56,7.16,0.0,0.13,4.74,30,"(720, 486)",vtc1nw_422_ntsc_segment_001.mp4
0.1,0.24,7.17,2.18,130.42,7.22,0.0,0.15,13.69,30,"(720, 486)",washdc_422_ntsc_segment_000.mp4
0.14,0.22,7.3,2.26,123.87,7.34,0.0,0.18,12.92,30,"(720, 486)",washdc_422_ntsc_segment_001.mp4
3.28,0.08,5.96,21.29,156.23,5.91,0.0,3.96,10.13,30,"(1920, 1080)",west_wind_easy_1080p_segment_000.mp4
2.21,0.09,5.89,20.95,163.41,5.85,0.0,2.71,11.02,30,"(1920, 1080)",west_wind_easy_1080p_segment_001.mp4
2.76,0.08,5.85,21.19,164.48,5.81,0.0,3.33,11.13,30,"(1920, 1080)",west_wind_easy_1080p_segment_002.mp4
2.42,0.02,5.28,6.69,39.79,5.32,0.0,2.86,4.69,60,"(1920, 1080)",WITCHER3_segment_000.mp4
3.15,0.02,5.45,6.74,58.69,5.4,0.0,3.45,6.2,60,"(1920, 1080)",WITCHER3_segment_001.mp4
4.24,0.02,5.38,7.66,43.48,5.3,0.0,4.38,5.42,60,"(1920, 1080)",WITCHER3_segment_002.mp4
3.08,0.02,5.61,7.23,43.6,5.55,0.0,2.78,5.56,60,"(1920, 1080)",WITCHER3_segment_003.mp4
3.39,0.02,5.61,7.36,44.17,5.56,0.0,3.04,5.56,60,"(1920, 1080)",WITCHER3_segment_004.mp4
3.5,0.03,5.62,7.95,44.8,5.54,0.0,3.64,5.59,60,"(1920, 1080)",WITCHER3_segment_005.mp4
4.31,0.02,5.62,8.23,43.59,5.55,0.0,4.79,5.13,60,"(1920, 1080)",WITCHER3_segment_006.mp4
2.49,0.02,5.31,6.74,42.8,5.22,0.0,2.39,5.29,60,"(1920, 1080)",WITCHER3_segment_007.mp4
0.62,0.0,3.95,2.63,15.17,3.82,0.0,0.88,1.5,60,"(1920, 1080)",WITCHER3_segment_008.mp4
0.1,0.01,4.88,1.54,26.16,4.78,0.0,0.17,2.57,60,"(1920, 1080)",WITCHER3_segment_009.mp4
1.34,0.01,5.19,5.51,28.44,5.08,0.0,2.04,2.83,60,"(1920, 1080)",WITCHER3_segment_010.mp4
0.99,0.01,4.91,5.32,26.5,4.81,0.0,1.35,2.33,60,"(1920, 1080)",WITCHER3_segment_011.mp4
